{
  "project_info": {
    "project_number": "962409777385",
    "firebase_url": "https://easyvote-743ec-default-rtdb.firebaseio.com",
    "project_id": "easyvote-743ec",
    "storage_bucket": "easyvote-743ec.appspot.com"
  },
  "client": [
    {
      "client_info": {
        "mobilesdk_app_id": "1:962409777385:android:20e1105a35dd170df18878",
        "android_client_info": {
          "package_name": "com.example.easyvote"
        }
      },
      "oauth_client": [
        {
          "client_id": "962409777385-volohjeih70v8geefeuo4eoo6ratieck.apps.googleusercontent.com",
          "client_type": 3
        }
      ],
      "api_key": [
        {
          "current_key": "AIzaSyAeXWrpXfAvWiKDo0tK8en4OoVj2djesks"
        }
      ],
      "services": {
        "appinvite_service": {
          "other_platform_oauth_client": [
            {
              "client_id": "962409777385-volohjeih70v8geefeuo4eoo6ratieck.apps.googleusercontent.com",
              "client_type": 3
            }
          ]
        }
      }
    }
  ],
  "configuration_version": "1"
}